vin,fuel_type,engine_volume
1g4hp52k234136360,,3.8
wbabs534x3ju98718,Gasoline,
5uxfa53533lp27680,,
1g6dm57n030123311,,3.2
1g6kd54y33u158021,Gasoline,4.6
3gnek13t13g226132,Gasoline,5.3
1gcek14v13e301637,Gasoline,4.8
1gchk23193f136884,Diesel,6.6
1gnec16z53j130533,Flexible Fuel Vehicle (FFV),5.3
2gcec19t731319274,Gasoline,5.3
3gnfk16z03g342281,Flexible Fuel Vehicle (FFV),5.3
1gnek13z03j102386,Flexible Fuel Vehicle (FFV),5.3
1gnek13z33r175088,Flexible Fuel Vehicle (FFV),5.3
1gcfg25t431186290,Gasoline,5.3
1gccs19x338101133,Gasoline,4.3
1gnek13z73j323869,Flexible Fuel Vehicle (FFV),5.3
1d8hs58zx3f531139,Gasoline,5.9
2d4gp44l93r114629,Gasoline,3.8
3c8fy68b03t542703,Gasoline,2.4
1fmpu16l43la69069,Gasoline,5.4
1fmpu18l23lb72200,Gasoline,5.4
1ftyr14v93pb03689,Gasoline,3.0
1ftrx17l73ka47012,Gasoline,5.4
1ftnx21p03ec30623,Diesel,6.0
1ftnx21p63ec38225,Diesel,6.0
1gkes16s436191863,Gasoline,4.2
1hgcm55393a140260,Gasoline,2.359737216
1gkek63u33j250711,Gasoline,6.0
jhmcm56343c044357,Gasoline,2.359737216
jhmcm566x3c072822,Gasoline,2.359737216
5j6yh18573l001418,Gasoline,2.359737216
5fnrl18093b044769,Gasoline,3.474057568
5fnrl18603b135451,Gasoline,3.474057568
2hges16543h532183,Gasoline,1.671480528
2hges16533h611604,Gasoline,1.671480528
jhmes966x3s000949,Gasoline,1.343739248
2hkyf18443h513841,Gasoline,3.474057568
2hkyf18523h592595,Gasoline,3.474057568
1hgcm66543a087683,Gasoline,2.998832712
kmhhm65d13u085350,Gasoline,2
1j4gw48n23c541732,Gasoline,4.7
km8sc13d43u499561,Gasoline,2.7
5lmeu88h63zj28402,Gasoline,4.6
5lmeu68h73zj32009,Gasoline,4.6
jthbf30gx30134698,Gasoline,3.0
jthbf30g636003877,Gasoline,3.0
1j4fa59s83p307107,Gasoline,4
1lnhm86s53y659854,Gasoline,3.0
knafb121035275291,Gasoline,1.8
5lmeu88h63zj36595,Gasoline,4.6
1fmcu9g93eua78987,Gasoline,2.0
1fmcu9gx2eud09666,Gasoline,1.6
1fmcu9g99euc53890,Gasoline,2.0
1fmcu9g98euc46896,Gasoline,2.0
1fmcu9gx2eua42285,Gasoline,1.6
1fmcu9j94euc54230,Gasoline,2.0
wdbuf65j93a251861,Gasoline,3.20
1yvfp80c035m55124,,2.3
4f2cz06193km27754,Gasoline,3.0
wdbuf65j73a093083,Gasoline,3.20
wdbuf65j93a271687,Gasoline,3.20
wdbsk75f43f011852,Gasoline,5.0
wdbsk75f53f051647,Gasoline,5.0
4jgab57e33a411464,Gasoline,3.70
wdblk70g43t137425,Gasoline,4.30
ja4lz41g63u051709,Gasoline,2.4
4m2zu66w53uj01486,Gasoline,4.6
jn8az08w63w228240,Gasoline,3.5
jn8az08w23w202962,Gasoline,3.5
1n4bl11d73c240064,Gasoline,3.50
1n4al11d43c316089,Gasoline,2.5
jn1da31d13t519792,Gasoline,3.5
1n4al11d53c324198,Gasoline,2.5
jn8az08t83w102385,Gasoline,3.5
3n1ab51d93l720176,Gasoline,2.5
5gzcz53b03s846746,Gasoline,5.3
1g2nf52ex3m549586,Gasoline,3.4
5n1ed28t83c665506,Gasoline,3.3
jn8dr09y73w834479,Gasoline,3.5
jtebt17r138005719,Gasoline,4.7
jtezu17r830007607,Gasoline,4.0
1nxbr32e03z044128,Gasoline,1.8
jtdbe32k230156569,Gasoline,2.4
4s3be896737217430,,3.000000
jtebu14r338010888,Gasoline,4.0
jtegf21a030114631,Gasoline,3.0
3vwck21cx3m427826,Gasoline,1.984000
wvwyh63b53e025334,Gasoline,2.771000
jtegf21ax30096624,Gasoline,3.0
yv1ts92d431313394,,
wbabs53462ev89928,Gasoline,3
wbadn53482gc98709,Gasoline,4.4
wbaet37452nj20600,Gasoline,2.4941111408
5uxfa53502lp39512,Gasoline,3
5uxfa53582lp54629,Gasoline,3
wbaev53442km16320,Gasoline,3
wbabn334x2jw60339,Gasoline,2.5
yv1cz91h131019385,,
2gcec19v721361623,Gasoline,4.8
1g4hp54k924105909,,3.8
3gnec13t92g129501,,5.3
3gnfk16z52g317858,Flexible Fuel Vehicle (FFV),5.3
1g4hp54k624178798,,3.8
1gcek14t12z300722,,5.3
2gcec19v821363512,Gasoline,4.8
3gnek13t22g126023,,5.3
2gcek19t821233618,,5.3
2g1ww12e529334503,Gasoline,3.4
1gndt13s122198565,Gasoline,4.2
3c4fy58b82t270881,Gasoline,2.4
1fmju2a58eef01254,Gasoline,5.4
1fmcu0gx3eua78224,Gasoline,1.6
1fmju1j59eef20261,Gasoline,5.4
1fmcu0j94eub33662,Gasoline,2.0
1fmcu0f77eub24235,Gasoline,2.5
1fmcu0j95eub17101,Gasoline,2.0
1fmju2a5xeef37303,Gasoline,5.4
1fmju1j53eef15203,Gasoline,5.4
2gtek19t221314212,,5.3
1ftrx17282na03377,Gasoline,4.2
1ftyr14u82pa09213,Gasoline,3.0
1ftrw08l02kc40385,Gasoline,5.4
1hgcg66822a130529,Gasoline,2.261414832
1hgcg16542a038055,Gasoline,2.998832712
jhlrd78822c008121,Gasoline,2.359737216
1gkfk66u42j224696,Gasoline,6.0
1hgcf86662a122740,Gasoline,2.261414832
1hgcg56692a042134,Gasoline,2.261414832
2hges26792h613959,Gasoline,1.671480528
1hgcg56702a023996,Gasoline,2.261414832
1hgcg66512a176293,Gasoline,2.261414832
1gkec13z92j335286,Flexible Fuel Vehicle (FFV),5.3
2hges16542h550634,Gasoline,1.671480528
1hgcg22552a031868,Gasoline,2.998832712
sajda24c62lf41817,,4
jthbd192420047640,Gasoline,3.0
jthbd192120038409,Gasoline,3.0
jtjhf10u120257873,Gasoline,3.0
jthbn30f920076849,Gasoline,4.3
1j4gl58k62w142095,Gasoline,3.7
jthbf30g320085097,Gasoline,3.0
wdbjf65j72b407861,Gasoline,3.2
wdblk74g02t121392,Gasoline,
wdbng78jx2a281257,Gasoline,6
1mefm50u32a653495,Gasoline,3.0
4jgab54e02a370312,Gasoline,3.20
jn1da31d42t406434,Gasoline,3.5
1g2nw52e22m671339,Gasoline,3.4
5n1ed28y22c528183,Gasoline,3.3
jn1da31d82t432888,Gasoline,3.5
4t1bf30k22u500422,Gasoline,3.0
1nxbr12e72z641831,Gasoline,1.8
1g8zf52822z247244,,1.8
4t3zf13c12u505173,Gasoline,3.0
3vwrk69m62m029509,Gasoline,1.984000
wbabn33481jw47717,Gasoline,2.5
19uua56611a001730,Gasoline,3.211864544
wbadt63411cf08911,Gasoline,2.98
wbabn53441ju36851,Gasoline,2.98
waued64b71n057354,Gasoline,2.671000
wvwpd63b12p350914,Gasoline,1.781000
2gcec19v811192002,Gasoline,4.8
1gncs13w412159131,,4.3
wbagh83461dp20012,Gasoline,4.40
1gnec16t11j218715,,5.3
1fm5k7f86ega23802,Gasoline,3.5
1fm5k8gt7ega42707,Gasoline,3.5
1fmjk1j54eef37510,Gasoline,5.4
1fm5k8d83ega73517,Gasoline,3.5
1fm5k8d85egc04608,Gasoline,3.5
1fmjk1j54eef51097,Gasoline,5.4
1b4hr28n61f581939,Gasoline,4.7
1fmru15w71la13001,Gasoline,4.6
1ftyr10c51ta14727,Gasoline,2.5
1hgem22561l080131,Gasoline,1.671480528
jhmes16581s003080,Gasoline,1.671480528
2hges26701h604677,Gasoline,1.671480528
2hges16591h612933,Gasoline,1.671480528
2hkrl18571h515232,Gasoline,3.474057568
2hges16541h515624,Gasoline,1.671480528
km8sb82b31u119781,Gasoline,2.4
2hges16561h576540,Gasoline,1.671480528
jthbn30f110042600,Gasoline,4.3
jthbn30f910044112,Gasoline,4.3
jthbd182310032286,Gasoline,3.0
1j4gx48s01c569223,Gasoline,4
1j4fa29p51p367854,Gasoline,2.5
jthbn30f810020898,Gasoline,4.3
ja4mt21h91p035423,Gasoline,3.0
4a3ac54h11e107830,Gasoline,3.0
wdbjf65j31b376557,Gasoline,3.20
wdbjf65j61b362474,Gasoline,3.20
wdbkk65f61f203491,Gasoline,3.20
3n1cb51dx1l482876,,
3vwbk21c91m463967,Gasoline,1.984000
2t1cg22p91c463678,Gasoline,2.2
1nxbr12e71z545907,Gasoline,1.8
9bwgd21jx14018964,Gasoline,1.781000
wvwhh63b91e038018,Gasoline,2.771000
1ftfw1et3efb02284,Gasoline,3.5
1ft7w2btxeeb50580,Diesel,6.7
1ftfw1ef6efb18828,Gasoline,5.0
1ft7w2b61eeb87401,Gasoline,6.2
1ft7w2bt0eea89238,Diesel,6.7
1gks2bkc2fr213207,Gasoline,5.3
3fadp4bj9em110890,Gasoline,1.6
2fmgk5d86ebd27039,Gasoline,3.5
3fadp4ej7em103027,Gasoline,1.6
3fadp4bj1em154222,Gasoline,1.6
3fadp4ej8em103019,Gasoline,1.6
3fadp4bj9em142898,Gasoline,1.6
3fadp4bjxem136804,Gasoline,1.6
1fadp3k25el307527,Gasoline,2.0
1fadp3e27el194305,Gasoline,2.0
1fadp3f23el164572,Gasoline,2.0
1fadp3f21el236529,Gasoline,2.0
1fadp3f28el400780,Gasoline,2.0
1fadp3f27el314604,Gasoline,2.0
1fadp3f2xel284255,Gasoline,2.0
1fadp3k20el152093,Gasoline,2.0
1fadp3f24el278807,Gasoline,2.0
1fadp3k23el318848,Gasoline,2.0
1fadp3k21el319304,Gasoline,2.0
1fadp3k25el284296,Gasoline,2.0
1fadp3f29el403414,Gasoline,2.0
3fa6p0h72er228764,Gasoline,2.5
1fadp3f23el314406,Gasoline,2.0
1fadp3f29el177682,Gasoline,2.0
1fadp3f28el261962,Gasoline,2.0
1fadp3k27el151152,Gasoline,2.0
1fadp3f20el171527,Gasoline,2.0
3fa6p0h71er125383,Gasoline,2.5
1fadp3f21el171455,Gasoline,2.0
3fa6p0hd4er122385,Gasoline,1.5
3fa6p0h99er178480,Gasoline,2.0
1fadp3f23el151496,Gasoline,2.0
3fa6p0h74er221069,Gasoline,2.5
1fadp3k24el158317,Gasoline,2.0
3fa6p0h7xer202994,Gasoline,2.5
3fa6p0h97er152735,Gasoline,2.0
3fa6p0h7xer235901,Gasoline,2.5
3fa6p0hd7er166008,Gasoline,1.5
3fa6p0h93er242657,Gasoline,2.0
3fa6p0hd0er160065,Gasoline,1.5
3fa6p0hr9er115704,Gasoline,1.6
3fa6p0lu1er165430,Gasoline,2.0
3fa6p0hdxer160087,Gasoline,1.5
3fa6p0hd8er171718,Gasoline,1.5
1fm5k8f89ega14842,Gasoline,3.5
3fa6p0h79er160155,Gasoline,2.5
1zvbp8em3e5285864,Gasoline,3.7
1zvbp8em9e5238399,Gasoline,3.7
1zvbp8em1e5238414,Gasoline,3.7
1zvbp8em7e5238384,Gasoline,3.7
1zvbp8em8e5295046,Gasoline,3.7
1zvbp8am4e5277410,Gasoline,3.7
1zvbp8am9e5302530,Gasoline,3.7
1zvbp8am0e5240161,Gasoline,3.7
1zvbp8em6e5238375,Gasoline,3.7
1zvbp8em4e5238388,Gasoline,3.7
1fahp2f89eg149664,Gasoline,3.5
1zvbp8am4e5220320,Gasoline,3.7
1zvbp8ff5e5305046,Gasoline,5.0
1zvbp8cf0e5329064,Gasoline,5.0
1ft7w2bt8eeb01426,Diesel,6.7
1zvbp8cf5e5247749,Gasoline,5.0
1fahp2f84eg179672,Gasoline,3.5
1fahp2f80eg183248,Gasoline,3.5
1zvbp8am0e5201800,Gasoline,3.7
1fahp2f85eg179972,Gasoline,3.5
1fahp2f87eg158315,Gasoline,3.5
1gkkrrkd5ej326627,Gasoline,3.6
1gtw7fba6e1120353,Gasoline,4.8
3gtp1vecxeg284025,Gasoline,5.3
1gkkrrkd1ej307198,Gasoline,3.6
3gtp1vec6eg234285,Gasoline,5.3
1hgcr2f51ea046957,Gasoline,2.4
5j6rm4h58el051944,Gasoline,2.4
1gks2ke76er215121,Gasoline,5.3
2hgfg3b53eh510122,Gasoline,1.802577040
1hgcr3f8xea010104,Gasoline,3.5
2gkalmek4e6340218,Gasoline,2.4
kmhct4ae6eu656253,Gasoline,1.6
19xfb2f8xee266086,Gasoline,1.802577040
1gks2ke70er124684,Gasoline,5.3
2gkalmek9e6130259,Gasoline,2.4
5j6rm4h76el030723,Gasoline,2.4
2gkaltek6e6102137,Gasoline,2.4
1hgct1b34ea007876,Gasoline,2.4
1hgcr2f35ea061461,Gasoline,2.4
5npe24af8fh073879,Gasoline,2.4
kmhdh4ae3eu166424,Gasoline,1.8
5npeb4ac1eh854845,Gasoline,1.6
5xyzt3lb1eg131940,Gasoline,2.4
5xyzt3lb1eg148625,Gasoline,2.4
kmhdh4ae4eu154671,Gasoline,1.8
5npdh4ae0eh470955,Gasoline,1.8
kmhdh4ae0eu199316,Gasoline,1.8
5npeb4ac9eh850283,Gasoline,1.6
5n1al0mmxec516103,Gasoline,3.5
5n1al0mm1ec509329,Gasoline,3.5
5n1al0mn0ec518368,Gasoline,3.5
1c4pjlcb9ew127036,Gasoline,2.4
sajwj0ef7e8u14083,Gasoline,3
5n1al0mn1ec519478,Gasoline,3.5
1c4pjlcb9ew155614,Gasoline,2.4
1c4njcbb3ed740189,Gasoline,2.4
1c4njdbb8ed809030,Gasoline,2.4
1c4rjebg9ec555627,Gasoline,3.6
1c4njcbaxed595109,Gasoline,2.0
1c4njcba1ed642625,Gasoline,2.0
1c4njcba0ed777658,Gasoline,2.0
1c4njdbb9ed572743,Gasoline,2.4
1c4njdbb4ed569491,Gasoline,2.4
1c4rjecg5ec290588,Gasoline,3.6
1c4njcba0ed843576,Gasoline,2.0
1c4rjfbg6ec453059,Gasoline,3.6
1c4rjfbg0ec533859,Gasoline,3.6
1c4rjejt1ec252047,Gasoline,5.7
1c4njpba0ed777859,Gasoline,2.0
1c4rjfbgxec275947,Gasoline,3.6
1c4bjwdg4el135598,Gasoline,3.6
knaln4d73e5127121,Gasoline,3.3
1c4bjwdg2el103538,Gasoline,3.6
1c4ajwbg2el179744,Gasoline,3.6
knafx4a89e5115415,Gasoline,2.0
knafx4a6xe5140399,Gasoline,1.8
5xxgm4a76eg293253,Gasoline,2.4
kndmg4c72e6540368,Gasoline,3.50
kndmg4c78e6544148,Gasoline,3.50
kndmg4c73e6553419,Gasoline,3.50
kndmg4c78e6543288,Gasoline,3.50
kndmg4c77e6541404,Gasoline,3.50
kndmg4c73e6541254,Gasoline,3.50
kndmg4c79e6538858,Gasoline,3.50
5xxgr4a65eg263511,Gasoline,2.0
kndmg4c74e6543580,Gasoline,3.50
kndjn2a29e7049472,Gasoline,1.6
kndjp3a5xe7054853,Gasoline,2.0
jm3ke4cy2f0435329,Gasoline,2.5
5xyktca69fg570456,Gasoline,2.4
jthbe1bl6e5030412,Gasoline,3.5
3ln6l2g97er800539,Gasoline,2.0
jthbe1d23e5002376,Gasoline,3.5
jthbf1d25e5027521,Gasoline,2.5
jthbf1d27e5006525,Gasoline,2.5
jthbf1d25e5019385,Gasoline,2.5
wmwzf3c55et492185,Gasoline,1.6
wmwzg3c50et800800,Gasoline,1.6
jm1bm1m35e1202034,Gasoline,2.50
jm1bm1m37e1202682,Gasoline,2.50
jm1bm1m33e1201643,Gasoline,2.50
wmwzf3c57et492205,Gasoline,1.6
wmwzf3c5xet491971,Gasoline,1.6
wmwzc5c55ewm17652,Gasoline,1.6
wmwzc5c53ewp38721,Gasoline,1.6
3ln6l2gk5er820890,Gasoline,3.7
wddgf4hb1eg222822,Gasoline,1.8
wddgf4hbxeg206991,Gasoline,1.8
jm1gj1v64e1153948,Gasoline,2.5
jm1cw2bl7e0174752,,2.5
wddsj4eb4en122870,Gasoline,2.0
wddsj4eb7en119770,Gasoline,2.0
wddsj4eb7en039840,Gasoline,2.0
ja4az3a33ez013018,Gasoline,2.4
wddsj4eb0en117701,Gasoline,2.0
4jgda5hb4ea277443,Gasoline,3.5
wddsj4eb1en120624,Gasoline,2.0
wddsj4ebxen031411,Gasoline,2.0
wdcgg8jb1eg337133,Gasoline,3.5
wddsj4eb7en118294,Gasoline,2.0
ml32a4hj2eh023995,Gasoline,1.2
wddsj4eb5en038931,Gasoline,2.0
wddhf8jb1ea875515,Gasoline,3.5
4a4ap3au5ee011890,Gasoline,2.0
1n6ad0er1en715747,Gasoline,4
1n4al3ap0ec132311,Gasoline,2.5
1n4al3ap0ec173456,Gasoline,2.5
1n4al3ap6en352556,Gasoline,2.5
jn8az1mu9ew408003,Gasoline,3.5
1n4aa5ap7ec439900,Gasoline,3.5
5n1ar2mn6ec636869,Gasoline,3.5
3n1cn7ap9el848930,Gasoline,1.6
3n1cn7apxel821297,Gasoline,1.6
3n1ab7ap7el676493,Gasoline,1.8
5n1an0nwxen807456,Gasoline,4
3n1cn7ap0el856107,Gasoline,1.6
3n1cn7ap1el816148,Gasoline,1.6
3n1cn7ap9el839595,Gasoline,1.6
3n1ab7ap5ey201735,Gasoline,1.8
5n1an0nw8en807391,Gasoline,4
1c6rr6gt9es390941,Gasoline,5.7
1c6rr7gt2es352117,Gasoline,5.7
1c6rr7gt2es239218,Gasoline,5.7
1c6rr7gt3es417234,Gasoline,5.7
1c6rr6gt3es293461,Gasoline,5.7
1c6rr7pt2es202069,Gasoline,5.7
1c6rr6kt8es235594,Gasoline,5.7
1c6rr7gtxes279868,Gasoline,5.7
1c6rr6gt1es408252,Gasoline,5.7
jf1gjac61eh019463,,2.0
jf2sjgpc6eh406468,Gasoline,2.5
jf2sjgpc9eh411549,Gasoline,2.5
jf1gpac67e8276884,,2.0
jf1gjac65eh018445,,2.0
jf2sjaec5eh516752,Gasoline,2.5
jf2sjgpc3eh406993,Gasoline,2.5
jf1gjac60eh020474,,2.0
jf1gpac65e8275460,,2.0
jf1gjac61eh019219,,2.0
jf2sjgpc1eh440186,Gasoline,2.5
jf1gjac6xeh018599,,2.0
3c6ur5fl1eg129722,Diesel,6.7
jf1gpac60e8274829,,2.0
3c6ur5fl5eg271524,Diesel,6.7
jf2sjaec8eh497470,Gasoline,2.5
jf1gjac62eh018984,,2.0
jf1gpac61e8276895,,2.0
3c63r3hlxeg238466,Diesel,6.7
jf1gjac67eh020424,,2.0
jf2sjaac1eg420094,Gasoline,2.5
jf1gpac66e8276908,,2.0
jf2sjaec7eh529373,Gasoline,2.5
jf1gpac65e8275698,,2.0
jf2sjaecxeh529013,Gasoline,2.5
jf2sjadc2eh490239,Gasoline,2.5
4s3bmbl65e3027550,Gasoline,2.5
jf1gpac68e8231131,,2.0
jf1gpac6xe8226755,,2.0
4s4brblc3e3270924,Gasoline,2.5
4s4brblc0e3301367,Gasoline,2.5
4s3bmbc60e3034602,Gasoline,2.5
4s3bmbc62e3037646,Gasoline,2.5
jf1gjac63eh008934,,2.0
4s3bmbc60e3037547,Gasoline,2.5
4s3bmbm6xe3011763,Gasoline,2.5
jf1gpac66e8230060,,2.0
4s3bmbc69e3037434,Gasoline,2.5
jf1gpac63e8274825,,2.0
jf1gpac69e8276918,,2.0
4s4brblc4e3287165,Gasoline,2.5
4s3bmbc63e3034965,Gasoline,2.5
4s3bmbc67e3037058,Gasoline,2.5
jf1gpac61e8276542,,2.0
4s3bmbc61e3037721,Gasoline,2.5
4s3bmbc61e3035306,Gasoline,2.5
4s3bmbc64e3024462,Gasoline,2.5
4s3bmbc65e3035468,Gasoline,2.5
4s3bmbl65e3032179,Gasoline,2.5
jf1gjac64eh012832,,2.0
jf1gjac60eh009720,,2.0
4s3bmbc66e3035589,Gasoline,2.5
4s3bmbc6xe3035594,Gasoline,2.5
jf1gjac66eh009611,,2.0
4s3bmbl60e3027343,Gasoline,2.5
jf1gpac62e8263279,,2.0
4s3bmbc68e3034864,Gasoline,2.5
4s3bmbl6xe3027284,Gasoline,2.5
4s3bmbl60e3034714,Gasoline,2.5
4s3bmbl69e3034601,Gasoline,2.5
4s3bmbc62e3034763,Gasoline,2.5
jf1gjac64eh016203,,2.0
4s4brblc4e3208657,Gasoline,2.5
jf1gpac62e8228483,,2.0
4s3bmbc61e3035547,Gasoline,2.5
4s3bmbc63e3036893,Gasoline,2.5
4s3bmbc63e3035548,Gasoline,2.5
4s3bmbl69e3034954,Gasoline,2.5
4s3bmbc69e3037630,Gasoline,2.5
jf1gpac64e8229585,,2.0
4s3bmbc63e3037736,Gasoline,2.5
4s3bmbc6xe3035014,Gasoline,2.5
4s3bmbc66e3037567,Gasoline,2.5
4s3bmbl65e3023062,Gasoline,2.5
4s4brblc5e3271623,Gasoline,2.5
4s3bmbl69e3020648,Gasoline,2.5
4s3bmbc60e3035619,Gasoline,2.5
4s3bmbl60e3026984,Gasoline,2.5
4s3bmbc63e3035730,Gasoline,2.5
4s3bmbc69e3037403,Gasoline,2.5
jf1gv7e60eg004057,,2.500000
4s3bmbc60e3037029,Gasoline,2.5
4s3bmbl61e3032406,Gasoline,2.5
4s3bmbc68e3035366,Gasoline,2.5
4s3bmbc67e3037898,Gasoline,2.5
4s3bmbc62e3035427,Gasoline,2.5
jf2gpbkc6eh253962,Gasoline,2.0
jf2gpacc4e8281252,Gasoline,2.0
4s4brbcc6e3257164,Gasoline,2.5
jtebu5jr2e5164864,Gasoline,4.0
4s4brbcc5e3257964,Gasoline,2.5
4s4brbccxe3316474,Gasoline,2.5
4s4brbcc7e3257402,Gasoline,2.5
4s4brbcc8e3317736,Gasoline,2.5
jf2gpawc2e8208716,Gasoline,2.0
jf2gpacc6e8231579,Gasoline,2.0
4s4brdpc6e2260593,,3.6
jf2gpacc5e8231069,Gasoline,2.0
jf2gpacc0e8252878,Gasoline,2.0
jf2gpavc7eh202069,Gasoline,2.0
4s4brbcc6e3257200,Gasoline,2.5
jf2gpbkc5eh204669,Gasoline,2.0
4s4brbcc1e3257332,Gasoline,2.5
jf2gpacc8e8231616,Gasoline,2.0
jf2gpacc1e8252453,Gasoline,2.0
4s4brbcc7e3258047,Gasoline,2.5
4s4brbcc1e3317514,Gasoline,2.5
jf2gpacc7e8231221,Gasoline,2.0
4s4brbcc2e3287861,Gasoline,2.5
jf2gpacc5e8256957,Gasoline,2.0
4s4brbcc1e3304147,Gasoline,2.5
jf2gpbkc0eh225025,Gasoline,2.0
4s4brbcc4e3318141,Gasoline,2.5
jf2gpacc5e8253850,Gasoline,2.0
4s4brbcc1e3271649,Gasoline,2.5
jf2gpacc2e8214424,Gasoline,2.0
jf2sjadc0fh411197,Gasoline,2.5
jf2sjadc1fh411497,Gasoline,2.5
jf2sjadc4fh411915,Gasoline,2.5
1n4al3apxfn310733,Gasoline,2.5
jf2sjadc5fh405704,Gasoline,2.5
jf2sjadc0fh411295,Gasoline,2.5
jf2sjadc1fh412262,Gasoline,2.5
jf2sjadc0fh410938,Gasoline,2.5
jf2sjadc3fh411811,Gasoline,2.5
jf2sjadc9fh413711,Gasoline,2.5
3n1ce2cp1fl361156,Gasoline,1.6
jf2sjadc3fh405684,Gasoline,2.5
jf2sjadc3fh412523,Gasoline,2.5
jf2sjadcxfh411417,Gasoline,2.5
jf2sjadcxfh411918,Gasoline,2.5
jf2sjadc6fh400141,Gasoline,2.5
jf2sjadc5fh411437,Gasoline,2.5
jf2sjadc9fh411103,Gasoline,2.5
jf2sjadc7fh411956,Gasoline,2.5
jf2sjadc1fh411872,Gasoline,2.5
jf2sjadc8fh435280,Gasoline,2.5
jf2sjadc9fh434445,Gasoline,2.5
jf2sjadc0fh412138,Gasoline,2.5
jf2sjadc0fh433751,Gasoline,2.5
jf2sjadcxfh419128,Gasoline,2.5
1n4al3ap0fn313009,Gasoline,2.5
jf2sjadc9fh411263,Gasoline,2.5
jf2sjadc8fh411805,Gasoline,2.5
jf2sjadc3fh415230,Gasoline,2.5
jf2sjadc0fh411779,Gasoline,2.5
jf2sjadc4fh405693,Gasoline,2.5
jf2sjadc9fh434879,Gasoline,2.5
3n1cn7ap1fl839916,Gasoline,1.6
jf2sjadcxfh411854,Gasoline,2.5
jf2sjadc1fh405182,Gasoline,2.5
jf2sjadc9fh433750,Gasoline,2.5
jf2sjadcxfh411238,Gasoline,2.5
jf2sjadc9fh411845,Gasoline,2.5
jf2sjadc5fh411261,Gasoline,2.5
jf2sjadc6fh437576,Gasoline,2.5
jf2sjadc8fh412467,Gasoline,2.5
jf2sjadc2fh433783,Gasoline,2.5
1n4al3ap9fc139713,Gasoline,2.5
jf2sjadc0fh411412,Gasoline,2.5
jf2sjadc6fh412256,Gasoline,2.5
jf2sjadc6fh410815,Gasoline,2.5
1n4al3ap1fn332829,Gasoline,2.5
jf2sjadc9fh405141,Gasoline,2.5
jf2sjadc9fh419136,Gasoline,2.5
jf2sjadc3fh419116,Gasoline,2.5
jf2sjadc5fh419618,Gasoline,2.5
jf2sjadcxfh435281,Gasoline,2.5
jf2sjadcxfh435328,Gasoline,2.5
jf2sjadc4fh434031,Gasoline,2.5
3n1ce2cp5fl354825,Gasoline,1.6
4t1bf1fk7eu418637,Gasoline,2.5
4t1bf1fk5eu420967,Gasoline,2.5
5yfburhe4ep093071,Gasoline,1.8
5tdkkrfh9es031482,Gasoline,3.5
4t1bf1fk7eu334558,Gasoline,2.5
4t1bf1fk3eu746833,Gasoline,2.5
2t1burhe9ec054458,Gasoline,1.8
5yfburhe5ep053422,Gasoline,1.8
4t1bk1fk0eu026773,Gasoline,3.5
5yfburhe8ep018079,Gasoline,1.8
2t1burhe7ec059321,Gasoline,1.8
4t1bf1fkxeu787556,Gasoline,2.5
2t1burhe5ec026172,Gasoline,1.8
jtebu4bf9ek180396,Gasoline,4.0
2t3bfrev2ew153840,Gasoline,2.5
4t1bk1fk2eu544769,Gasoline,3.5
5yfburhe0ep009926,Gasoline,1.8
5yfburhe8ep065919,Gasoline,1.8
jtmbfrev7ed079344,Gasoline,2.5
5yfburhe4ep022095,Gasoline,1.8
3vwd17aj0em366220,Gasoline,1.798000
5tfrm5f1xex067969,Gasoline,4.6
1vwap7a32ec011988,Gasoline,2.480000
5tfjx4cn2ex043400,Gasoline,2.7
1vwap7a35ec003593,Gasoline,2.480000
5tflu4enxex103955,Gasoline,4.0
vnkktud3xea000074,Gasoline,1.5
wvgav3axxew568484,Gasoline,1.984000
3vw1k7aj6em435654,Gasoline,1.984000
3vwfp7at7em601317,Gasoline,2.480000
5j8tb4h58dl008013,Gasoline,3.474057568
waubgaflxda196232,Gasoline,2.998832712
wbadw3c56dj525568,Gasoline,3.0
wvgef9bp7ed005629,Gasoline,3.596000
19uua8f59da009880,Gasoline,3.474057568
yv4902dz6e2501480,Gasoline,3.0
yv4902dz1e2501161,Gasoline,3.0
yv1612fs5e1292820,Gasoline,2.5
wba3a5g51dnp21894,Gasoline,2.00
19vde3f76de300155,Gasoline,1.491222824
wvgef9bp3ed002940,Gasoline,3.596000
waugfafc4dn080333,Gasoline,1.982834744
yv4902dz4e2501073,Gasoline,3.0
5j8tb3h3xdl001590,Gasoline,3.474057568
19uua8f52da001314,Gasoline,3.474057568
2hnyd2h37dh506034,Gasoline,3.670702336
wbsdx9c59de786164,Gasoline,4.0
wbaya8c52dc996425,Gasoline,4.4
wbaye4c57dd136799,Gasoline,3.0
wbaxg5c58dd230007,Gasoline,2.0
wbaye4c56dd137068,Gasoline,3.0
1gcrkse74dz320491,Flexible Fuel Vehicle (FFV),5.3
1g6aa5ra6d0130917,Gasoline,2.5
3gyfnde33ds611526,Gasoline,3.6
1g6aa5ra0d0115829,Gasoline,2.5
3gcpkte72dg226011,Flexible Fuel Vehicle (FFV),5.3
1g6aa5rx0d0168065,Gasoline,2.0
3gcpcse05dg119819,Flexible Fuel Vehicle (FFV),5.3
3gcpkse76dg110918,Flexible Fuel Vehicle (FFV),5.3
1gys4cef2dr354206,Gasoline,6.2
1g1pc5sb6d7204356,Gasoline,1.4
1g1pc5sb9d7204366,Gasoline,1.4
2g1fa1e30d9165471,Gasoline,3.6
2g1fc1e38d9180438,Gasoline,3.6
1g1pc5sb4d7301121,Gasoline,1.4
2g1fg1e31d9138679,Gasoline,3.6
1g1pc5sb8d7207050,Gasoline,1.4
1g1yu2dw5d5101019,Gasoline,6.2
2g1fk1ej9d9185830,Gasoline,6.2
3gnal2ek2ds576342,Gasoline,2.4
1g1pc5sb2d7279491,Gasoline,1.4
1gc1kxeg1df120518,Gasoline,6
3gnal2ek6ds556627,Gasoline,2.4
1gc1kxcgxdf125414,Gasoline,6
1g1pc5sb0d7325996,Gasoline,1.4
1g1pc5sb3d7326611,Gasoline,1.4
1g1pa5sg8d7221449,Gasoline,1.8
1g1pc5sbxd7328436,Gasoline,1.4
1g1pc5sb3d7205755,Gasoline,1.4
1g1pc5sb9d7193112,Gasoline,1.4
1g1pe5sb9d7199440,Gasoline,1.4
2gnalbek8d6285651,Gasoline,2.4
1g1pg5sbxd7263219,Gasoline,1.4
1g1pg5sb2d7222499,Gasoline,1.4
1g1pc5sb1d7120445,Gasoline,1.4
2gnalbek2d6386393,Gasoline,2.4
1g1pa5sh5d7257544,Gasoline,1.8
2gnflnek9d6188191,Gasoline,2.4
2gnaldek7d6145912,Gasoline,2.4
2gnalbek2d1157337,Gasoline,2.4
2gnflnek1d6291427,Gasoline,2.4
1g1pa5sh1d7212617,Gasoline,1.8
2gnflnek5d6209957,Gasoline,2.4
2gnflnek2d6322331,Gasoline,2.4
1g1pc5sb0d7207267,Gasoline,1.4
2gnalbek6d1195556,Gasoline,2.4
1gawgrfg4d1190179,Gasoline,6
1g1ph5sb4d7190698,Gasoline,1.4
2gnflnekxd6377206,Gasoline,2.4
2gnaldek6d6146422,Gasoline,2.4
1g1pc5sb7d7120708,Gasoline,1.4
2gnaldek6d6232488,Gasoline,2.4
2g1wg5e30d1131373,Gasoline,3.6
2g1wg5e38d1108519,Gasoline,3.6
1g11a5sa3du110407,Gasoline,2.5
1g11a5sa8du130121,Gasoline,2.5
2g1wc5e35d1229231,Gasoline,3.6
2g1wc5e32d1224648,Gasoline,3.6
2g1wc5e37d1214696,Gasoline,3.6
1g11b5sa9df330927,Gasoline,2.5
1g11b5sa4df255165,Gasoline,2.5
1g11b5sa4df305644,Gasoline,2.5
2g1wc5e34d1264438,Gasoline,3.6
2g1wg5e3xd1172416,Gasoline,3.6
2g1wf5e30d1225031,Gasoline,3.6
2g1wf5e36d1234333,Gasoline,3.6
1g11f5rr8df115300,Gasoline,2.4
1g11a5sa1df312604,Gasoline,2.5
2g1wg5e35d1234515,Gasoline,3.6
2g1wc5e32d1249274,Gasoline,3.6
1g11c5sa0du119561,Gasoline,2.5
1g11e5sa6df310481,Gasoline,2.5
1g1jc5sg2d4232495,Gasoline,1.8
1gnskbe07dr373990,Flexible Fuel Vehicle (FFV),5.3
1gnkrfed9dj207359,Gasoline,3.6
1gnscce06dr215806,Flexible Fuel Vehicle (FFV),5.3
1gnscbe0xdr352953,Flexible Fuel Vehicle (FFV),5.3
1gnkrfed8dj114140,Gasoline,3.6
1g1jc5sh6d4207530,Gasoline,1.8
1g11c5sa6df262731,Gasoline,2.5
kl8cf6s96dc581575,Gasoline,1.2
kl8cb6s98dc508672,Gasoline,1.2
1g11c5sa5df325771,Gasoline,2.5
1g11h5sa7df140347,Gasoline,2.5
1g11c5sa6df353658,Gasoline,2.5
1g11c5saxdf315771,Gasoline,2.5
1g11h5sa4df317419,Gasoline,2.5
1gnskbe01dr321657,Flexible Fuel Vehicle (FFV),5.3
1g11c5sa6df307439,Gasoline,2.5
kl8cd6s9xdc502155,Gasoline,1.2
1g1jc6sg7d4150445,Gasoline,1.8
1g11c5sa6df199212,Gasoline,2.5
wba3a5c50ef605118,Gasoline,2.00
wba3g7c53ef186336,Gasoline,2.00
5j8tb3h38el011312,Gasoline,3.474057568
waumgafl5ea014494,Gasoline,2.995000
1c3ccbag6dn767666,Gasoline,3.6
1c3ccbab0dn733176,Gasoline,2.4
2c3ccaag9dh707772,Gasoline,3.6
2c3ccagt1dh736266,Gasoline,5.7
1c3ccbcg3dn674567,Gasoline,3.6
1c3ccbbb3dn541863,Gasoline,2.4
1c3ccbab1dn704933,Gasoline,2.4
1c3cdzcb6dn625387,Gasoline,2.4
2c4rc1cg5dr779646,Gasoline,3.6
2c4rc1cg6dr779641,Gasoline,3.6
1c3cdzcg4dn663650,Gasoline,3.6
1c3cdzcb5dn681319,Gasoline,2.4
2c4rc1bg2dr650829,Gasoline,3.6
1c3cdzbg3dn637154,Gasoline,3.6
1c3cdzab0dn563424,Gasoline,2.4
2c4rc1bg2dr604109,Gasoline,3.6
1c3cdzcb0dn626468,Gasoline,2.4
1c3cdzab4dn657824,Gasoline,2.4
2c3cdxhg3dh742975,Gasoline,3.6
1c3cdfba2dd209687,Gasoline,2.0
2c3cdxbg6dh622564,Gasoline,3.6
2c3cdybt8dh650949,Gasoline,5.7
2c3cdybt5dh602969,Gasoline,5.7
2c3cdybtxdh635580,Gasoline,5.7
2c3cdxct8dh612887,Gasoline,5.7
1c3cdfba3dd304081,Gasoline,2.0
1c3cdfaa8dd331309,Gasoline,2.0
1c3cdfca6dd303702,Gasoline,2.0
2c3cdxct3dh690574,Gasoline,5.7
1c3cdfba6dd318119,Gasoline,2.0
2c3cdxct8dh652516,Gasoline,5.7
1c3cdfba4dd159360,Gasoline,2.0
2c4rdgbg5dr723272,Gasoline,3.6
2c4rdgbg8dr723301,Gasoline,3.6
2c4rdgbg9dr723257,Gasoline,3.6
2c4rdgbg8dr723296,Gasoline,3.6
2c4rdgbgxdr723395,Gasoline,3.6
2c4rdgbg4dr723246,Gasoline,3.6
3c4pddbg0dt614995,Gasoline,3.6
3c4pddbgxdt592486,Gasoline,3.6
3c4pddbg6dt593327,Gasoline,3.6
2c4rdgbg5dr609062,Gasoline,3.6
2c4rdgbg1dr723382,Gasoline,3.6
2c4rdgcg6dr550716,Gasoline,3.6
2c4rdgcg1dr685165,Gasoline,3.6
3c4pddbg9dt571242,Gasoline,3.6
2c4rdgbg9dr723291,Gasoline,3.6
2c4rdgbg2dr723374,Gasoline,3.6
2c4rdgbgxdr723381,Gasoline,3.6
2c4rdgbg8dr723315,Gasoline,3.6
2c4rdgbg6dr616327,Gasoline,3.6
3c4pdcbg2dt614085,Gasoline,3.6
1ftne2ew1dda25536,Gasoline,4.6
1ftne1ew9dda14195,Gasoline,4.6
1ftne1ew3dda97929,Gasoline,4.6
1fadp5bu0dl514905,Gasoline,2.0
1ftne2ewxdda82950,Gasoline,4.6
1fbss3bl6dda73971,Gasoline,5.4
1fadp5bu9dl516183,Gasoline,2.0
3c4pdcdg3dt685065,Gasoline,3.6
2fmdk3j96dba97263,Gasoline,2.0
2fmdk4jc0dbb59029,Gasoline,3.5
2fmdk4jc2dba72104,Gasoline,3.5
2fmdk4kc0dbc31054,Gasoline,3.5
2fmdk4jc0dbb48922,Gasoline,3.5
2fmdk4kc4dba62396,Gasoline,3.5
2fmdk3jc7dbb43386,Gasoline,3.5
2fmdk4jc4dba66918,Gasoline,3.5
2fmdk4jc3dbb49322,Gasoline,3.5
2fmdk3j90dbb43234,Gasoline,2.0
2fmdk4jc4dba39492,Gasoline,3.5
2fmdk4kc6dba39640,Gasoline,3.5
2fmdk3jc7dbb43212,Gasoline,3.5
2fmdk4gc0dbb48684,Gasoline,3.5
2fmdk3jc6dbb36249,Gasoline,3.5
2fmdk3gc1dbb78318,Gasoline,3.5
2fmdk3jc4dbb52482,Gasoline,3.5
2fmdk3j93dbb52493,Gasoline,2.0
1fmcu9h90duc33265,Gasoline,2.0
1fmcu9g92dua17807,Gasoline,2.0
2fmdk3jc5dba22579,Gasoline,3.5
1fmcu9gxxdub76315,Gasoline,1.6
1fmcu9g92duc00995,Gasoline,2.0
2fmdk3jc1dbb43321,Gasoline,3.5
1fmcu9hx6dub53998,Gasoline,1.6
1fmcu9h97duc53853,Gasoline,2.0
1fmcu9gxxdub76153,Gasoline,1.6
2fmdk3jc0dbb52060,Gasoline,3.5
2fmdk3jc5dbb36534,Gasoline,3.5
1fmcu9hx5dub42961,Gasoline,1.6
2fmdk3jc9dbb52168,Gasoline,3.5
1fmcu9h97dub59133,Gasoline,2.0
1fmcu9gx5duc40664,Gasoline,1.6
1fmcu9gx2dud41824,Gasoline,1.6
2fmdk3jc0dbb43617,Gasoline,3.5
1fmcu9gxxdua42582,Gasoline,1.6
1fmcu9h91dub89034,Gasoline,2.0
2fmdk3jc1dbb43397,Gasoline,3.5
1fmcu0g90duc02627,Gasoline,2.0
1fmcu0gxxdub93725,Gasoline,1.6
1fmcu0gx0dua04404,Gasoline,1.6
1fmcu9hx6dud18786,Gasoline,1.6
1fmcu0h99dub69867,Gasoline,2.0
1fmcu0f78duc02147,Gasoline,2.5
1fmcu0gx7dub80897,Gasoline,1.6
1fmcu9j93dua00720,Gasoline,2.0
1fmcu0g90dub89376,Gasoline,2.0
1fmjk1h57def19975,Gasoline,5.4
1fmcu0h9xdub45366,Gasoline,2.0
1fm5k8f8xdgc72642,Gasoline,3.5
1fm5k8f82dgb80800,Gasoline,3.5
1fmcu0hxxdud52175,Gasoline,1.6
1fmcu0h99dud11330,Gasoline,2.0
1fm5k8gt8dgb88502,Gasoline,3.5
1fmjk1k53def30514,Gasoline,5.4
1fmcu0j91dub92229,Gasoline,2.0
1fm5k8gt8dgc43837,Gasoline,3.5
1fm5k8f80dgc83486,Gasoline,3.5
1fmcu0hx1dub53452,Gasoline,1.6
1fm5k8f84dgc72409,Gasoline,3.5
1fm5k8gt2dgc56406,Gasoline,3.5
1fm5k8f89dgc53709,Gasoline,3.5
1fm5k8d87dgc10764,Gasoline,3.5
1fm5k8d80dgb69510,Gasoline,3.5
1fm5k8d81dgc03860,Gasoline,3.5
1fm5k8d80dgb61715,Gasoline,3.5
1fm5k8d83dgb82882,Gasoline,3.5
1fm5k8d85dga87465,Gasoline,3.5
1fm5k7f84dga21139,Gasoline,3.5
1fm5k8d89dga47096,Gasoline,3.5
1fm5k8d85dgc00590,Gasoline,3.5
1fm5k8d89dgc52966,Gasoline,3.5
1fm5k8d80dgb87988,Gasoline,3.5
wba3n7c58ek220705,Gasoline,2.00
wbakp9c57ed693484,Gasoline,4.4
1ftfw1ef3dfc03754,Gasoline,5.0
1ftfw1ct2dfb77432,Gasoline,3.5
1ftfw1et7dfb07406,Gasoline,3.5
1ftfw1ef2dke39108,Gasoline,5.0
1ftfw1ct5dfb77425,Gasoline,3.5
1ftfw1ef2dfb68270,Gasoline,5.0
1ftfx1cf8dkf18153,Gasoline,5.0
1ftfx1efxdfb81491,Gasoline,5.0
1ftfx1cf1dkd00085,Gasoline,5.0
1fmcu9gx0dub53643,Gasoline,1.6
1ftfx1ef9dfa65960,Gasoline,5.0
1ftfw1r65dfb51716,Gasoline,6.2
1ftfx1ef4dfa84657,Gasoline,5.0
1ftfw1et9dfd33575,Gasoline,3.5
1ftfx1ef5dfa64465,Gasoline,5.0
1ftfw1et7dkd09220,Gasoline,3.5
1ftfw1ef3dfc20876,Gasoline,5.0
1ftfx1cf7dfb65767,Gasoline,5.0
1ftfw1et4dkf62351,Gasoline,3.5
2fmgk5c87dbd08693,Gasoline,3.5
3fadp4aj3dm175377,Gasoline,1.6
1fadp3f24dl289207,Gasoline,2.0
2fmgk5c8xdbd25147,Gasoline,3.5
1fadp3f28dl199915,Gasoline,2.0
3fadp4ejxdm158389,Gasoline,1.6
3fadp4bj3dm164653,Gasoline,1.6
3fadp4bj1dm191351,Gasoline,1.6
1ft7w2bt9dea97398,Diesel,6.7
3fadp4bj2dm162053,Gasoline,1.6
1fadp3f21dl203061,Gasoline,2.0
1fadp3f22dl206860,Gasoline,2.0
1ftfx1ef3dkd36602,Gasoline,5.0
1ftex1em4dfb79004,Gasoline,3.7
3fadp4bj6dm152481,Gasoline,1.6
1ft7w2btxdea03416,Diesel,6.7
1fadp3k20dl370100,Gasoline,2.0
3fadp4bj5dm173855,Gasoline,1.6
1fadp3e27dl206581,Gasoline,2.0
2fmgk5b83dbd20549,Gasoline,3.5
1fadp3f28dl262351,Gasoline,2.0
3fadp4bj5dm184550,Gasoline,1.6
3fadp4ej0dm227395,Gasoline,1.6
3fadp4bj7dm173405,Gasoline,1.6
1fadp3f29dl289087,Gasoline,2.0
1fadp3f22dl212125,Gasoline,2.0
1fadp3f21dl157313,Gasoline,2.0
1fadp3f20dl184597,Gasoline,2.0
1fadp3f27dl135591,Gasoline,2.0
1fadp3k28dl317192,Gasoline,2.0
1fadp3k25dl246629,Gasoline,2.0
1fadp3f27dl198187,Gasoline,2.0
1fadp3f26dl320702,Gasoline,2.0
1fadp3f21dl253443,Gasoline,2.0
1fadp3f29dl208654,Gasoline,2.0
1fadp3f26dl206599,Gasoline,2.0
1fadp3f27dl206661,Gasoline,2.0
1fadp3k21dl246630,Gasoline,2.0
1fadp3k29dl298314,Gasoline,2.0
3fa6p0h79dr319772,Gasoline,2.5
1fadp3k28dl278135,Gasoline,2.0
1fadp3f25dl213091,Gasoline,2.0
1fadp3f29dl286187,Gasoline,2.0
3fa6p0h73dr124511,Gasoline,2.5
3fa6p0h70dr210603,Gasoline,2.5
3fa6p0h70dr173505,Gasoline,2.5
1fadp3k25dl237882,Gasoline,2.0
3fa6p0lu3dr374537,Gasoline,2.0
1fadp3f2xdl165152,Gasoline,2.0
1fadp3f25dl138957,Gasoline,2.0
1fadp3k24dl336533,Gasoline,2.0
3fa6p0d96dr140693,Gasoline,2.0
1fadp3f23dl253105,Gasoline,2.0
3fa6p0h76dr196903,Gasoline,2.5
3fa6p0hr4dr168891,Gasoline,1.6
3fa6p0hr4dr133008,Gasoline,1.6
3fa6p0hr0dr133037,Gasoline,1.6
3fa6p0hr9dr217535,Gasoline,1.6
1ftfx1ef2dfa23159,Gasoline,5.0
3fa6p0h73dr107451,Gasoline,2.5
3fa6p0h77dr132885,Gasoline,2.5
3fa6p0h78dr344937,Gasoline,2.5
3fa6p0h97dr258536,Gasoline,2.0
3fa6p0h75dr347200,Gasoline,2.5
3fa6p0h70dr187467,Gasoline,2.5
3fa6p0h71dr118643,Gasoline,2.5
3fa6p0hr8dr167677,Gasoline,1.6
3fa6p0h74dr180831,Gasoline,2.5
3fa6p0h7xdr176959,Gasoline,2.5
3fa6p0h92dr177072,Gasoline,2.0
3fa6p0h74dr124405,Gasoline,2.5
3fa6p0h76dr210931,Gasoline,2.5
3fa6p0h78dr173574,Gasoline,2.5
3fa6p0h78dr155656,Gasoline,2.5
3fa6p0h76dr176568,Gasoline,2.5
3fa6p0h77dr138668,Gasoline,2.5
3fa6p0h73dr173580,Gasoline,2.5
3fa6p0h71dr155319,Gasoline,2.5
3fa6p0h93dr212637,Gasoline,2.0
3fa6p0h73dr118918,Gasoline,2.5
3fa6p0h76dr155302,Gasoline,2.5
3fa6p0k99dr118237,Gasoline,2.0
1zvbp8cf4d5267666,Gasoline,5.0
3fa6p0k93dr147927,Gasoline,2.0
3fa6p0h95dr255196,Gasoline,2.0
3fa6p0h77dr118923,Gasoline,2.5
1zvbp8amxd5224211,Gasoline,3.7
1fahp2h85dg155635,Gasoline,3.5
3fa6p0k99dr190958,Gasoline,2.0
1zvbp8em1d5227279,Gasoline,3.7
1zvbp8am5d5257861,Gasoline,3.7
3fa6p0hr9dr266749,Gasoline,1.6
3fa6p0k96dr183126,Gasoline,2.0
1zvbp8em8d5222029,Gasoline,3.7
3fa6p0h73dr326605,Gasoline,2.5
3fa6p0hr8dr249327,Gasoline,1.6
3fa6p0k9xdr136746,Gasoline,2.0
1hgcr2f73da091849,Gasoline,2.4
1fahp2e84dg209849,Gasoline,3.5
2gkalmek0d6281635,Gasoline,2.4
1gtr2ve74dz162283,Flexible Fuel Vehicle (FFV),5.3
1fahp2d87dg193647,Gasoline,3.5
2gkflxe31d6293695,Gasoline,3.6
1gks2ke71dr221309,Flexible Fuel Vehicle (FFV),5.3
1gks1ce08dr298674,Flexible Fuel Vehicle (FFV),5.3
1gtr2ve78dz392151,Flexible Fuel Vehicle (FFV),5.3
1fahp2e8xdg156591,Gasoline,3.5
2gkalmek3d6351225,Gasoline,2.4
1gks2ke78dr204782,Flexible Fuel Vehicle (FFV),5.3
1fahp2e80dg164859,Gasoline,3.5
1fahp2f89dg198684,Gasoline,3.5
1gks2ce0xdr290749,Flexible Fuel Vehicle (FFV),5.3
3gtp2ve73dg181317,Flexible Fuel Vehicle (FFV),5.3
1fahp2f83dg174039,Gasoline,3.5
2gkaluek1d6238681,Gasoline,2.4
5j6rm4h54dl088486,Gasoline,2.4
kmhct4aexeu463488,Gasoline,1.6
19xfb2f95de000434,Gasoline,1.802577040
1hgcr2f38da186484,Gasoline,2.4
2hgfg3b59dh532219,Gasoline,1.802577040
5fnrl5h6xdb064333,Gasoline,3.474057568
5fnyf4h53db010098,Gasoline,3.474057568
2hkrm3h76dh517729,Gasoline,2.4
kmhdh4ae0du808550,Gasoline,1.8
kmhct4ae5du314727,Gasoline,1.6
kmhfh4jgxda225320,Gasoline,3.3
kmhct4ae9du285894,Gasoline,1.6
kmhct4ae4du386325,Gasoline,1.6
kmhfh4jg7da221824,Gasoline,3.3
